ZIP CODE ,AREA NAME,IS LOS ANGELES,Early Childhood Education,Health Education,Substance Abuse Programs,Mental Health Programs,Adult Eduction Programs,Public Child Care,Housing Community Investment,Museum and Aquarium,Number Of Highschools,Number Of Students,Number Of Dropouts,Percent Drop Out,Health Clinics,Public Health Programs,Mental Health Centers,Safe Havens,Domestic Violence Services,Mental Health Counceling,LA City Events,Unemployment Rate,Teen Pregnancy Rate,Animal Parks,Aquatic,Fitness Center,Nature_Trails,Parks_Recreation,Senior_Centers,Property.Crime,Violent.Crime,Other,Property.Crime.STD,Violent.Crime.STD,Other.Crime.STD,Housing Permits,Commercial Permits,Other Permits
90001,Florence/South Central  ,1,4,1,1,1,1,1,0,0,0,0,0,,0,0,2,1,1,3,1,12.3,0.045491803,0,0,0,0,0,0,0,0,0,-0.483287362,-0.433871674,-0.46181441,431,173,4
90002,Watts  ,1,1,0,0,0,1,0,0,0,0,0,0,,3,0,2,1,1,2,66,13.4,0.038686131,0,0,0,1,3,1,465,348,99,-0.17521167,0.032854369,0.149575046,1034,201,8
90003,South Central  ,1,4,1,2,1,2,2,0,0,0,0,0,,2,2,5,1,2,5,50,14,0.047051635,0,2,3,0,7,1,3020,2365,488,1.517548319,2.737987784,2.551903311,2067,416,15
90004,Hancock Park  ,1,0,1,0,0,0,0,0,0,0,0,0,,2,1,5,1,0,0,21,8.8,0.013437058,0,0,0,0,2,0,519,185,26,-0.139435138,-0.185755818,-0.301247482,2874,519,40
90005,Koreatown  ,1,10,2,0,2,3,1,0,0,0,0,0,,1,6,11,0,1,4,48,10,0.010804322,0,0,0,0,0,0,123,59,8,-0.401796373,-0.354742833,-0.412409201,1023,450,76
90006,Pico Heights  ,1,3,0,0,0,0,0,0,0,6,2224,340.17,0.152954137,1,1,0,1,0,2,14,11.6,0.016426083,0,0,0,0,6,0,1150,859,126,0.278620265,0.718190599,0.316317624,1276,650,70
90007,South Central  ,1,0,0,0,0,0,0,0,1,0,0,0,,2,6,6,1,1,5,18,13,0.009509876,0,0,2,0,5,0,1040,474,98,0.205742144,0.201841384,0.143399395,1224,1109,111
90008,Baldwin Hills/Crenshaw /Leimert Park  ,1,0,0,0,0,0,0,0,0,1,762,53.34,0.07,0,1,11,1,0,7,44,11,0.046777547,0,0,1,1,6,1,2703,1854,302,1.307526825,2.052651555,1.403232212,1766,450,24
90009,Airport Worldway  ,1,0,0,2,0,0,1,0,0,0,0,0,,0,0,0,0,0,0,1,11,0.046777547,0,0,0,0,0,0,0,0,0,-0.483287362,-0.433871674,-0.46181441,0,0,0
90010,Wilshire Blvd  ,1,0,0,0,0,0,0,0,0,0,0,0,,0,4,5,1,2,4,1,8.4,0,0,0,1,0,2,0,0,0,0,-0.483287362,-0.433871674,-0.46181441,161,615,62
90011,South Central  ,1,0,1,0,0,2,0,0,1,4,901,0,0,1,1,7,2,0,8,291,8.7,0.024243639,0,2,6,0,24,1,475,347,42,-0.168586386,0.031513202,-0.202437065,2607,562,20
90012,Civic Center /Chinatown  ,1,0,0,0,0,0,0,0,3,2,630,228.57,0.362809524,4,3,3,2,2,3,101,6.7,0.035874439,0,0,0,2,13,0,7335,4254,793,4.376358241,5.271451851,4.435476886,1021,1942,204
90013,Downtown Los Angeles  ,1,0,0,0,0,0,0,0,1,0,0,0,,3,1,15,0,1,3,4,14.2,0,0,0,0,0,0,0,803,285,46,0.04872292,-0.051639139,-0.177734461,125,1847,71
90014,Los Angeles ,1,1,2,2,0,1,0,0,0,0,0,0,,0,0,2,1,1,0,0,10.8,,0,0,0,0,0,0,0,0,0,-0.483287362,-0.433871674,-0.46181441,276,901,72
90015,Downtown Los Angeles  ,1,0,0,0,0,0,0,0,0,2,1690,868.4,0.513846154,5,3,8,2,1,6,173,9.2,0.015132409,0,0,1,0,2,0,3302,1780,267,1.70438132,1.953405212,1.187084425,588,1952,298
90016,West Adams  ,1,1,0,0,0,0,0,0,0,1,396,0,0,1,1,0,1,1,1,420,9.4,0.020485584,0,1,2,0,15,1,3651,1968,344,1.935603721,2.205544569,1.662609557,2998,668,55
90017,Downtown Los Angeles  ,1,0,0,0,0,0,0,0,0,7,7198,2161.29,0.300262573,2,0,7,1,3,2,4,7,0.041717791,0,1,0,0,0,0,577,392,52,-0.101008492,0.091865708,-0.140680554,439,3669,118
90018,Jefferson Park  ,1,3,0,1,0,0,1,0,0,1,797,422.41,0.53,1,2,3,2,2,2,55,11.6,0.028968014,0,0,1,0,10,1,20,3,0,-0.470036795,-0.429848174,-0.46181441,2388,334,32
90019,Country Club Park /Mid City  ,1,0,0,0,0,0,0,0,0,1,1527,244.32,0.16,2,0,1,0,2,3,122,8.7,0.038885665,0,1,0,0,5,0,669,256,64,-0.040055882,-0.090532976,-0.066572742,3900,642,51
90020,Hancock Park  ,1,0,0,0,0,0,0,0,0,0,0,0,,1,0,7,0,3,3,0,7.5,0.054669704,0,0,1,0,3,0,1787,1134,168,0.700650837,1.087011466,0.575694969,844,421,36
90021,Downtown Los Angeles  ,1,0,0,0,0,0,0,0,0,0,0,0,,0,0,2,1,0,2,1,15.1,0,0,0,1,0,1,0,0,0,0,-0.483287362,-0.433871674,-0.46181441,85,1380,38
90023,East Los Angeles  ,1,0,0,0,0,0,0,0,0,7,11034,2713.57,0.245928041,2,2,0,3,2,2,42,10.4,0.01980198,0,1,1,0,6,1,1455,703,159,0.480691418,0.508968579,0.52011411,699,582,20
90024,Westwood  ,1,0,0,0,0,0,0,0,1,1,2047,675.51,0.33,0,1,3,2,0,3,62,9.9,0,0,0,0,0,4,0,0,0,0,-0.483287362,-0.433871674,-0.46181441,3104,1112,118
90025,Sawtelle /West Los Angeles  ,1,5,1,4,0,0,1,0,0,0,0,0,,2,2,0,0,1,1,53,6.1,0.018648019,0,2,0,0,9,1,796,202,55,0.044085221,-0.162955983,-0.122153601,2463,1832,119
90026,Echo Park/Silverlake  ,1,4,0,3,0,1,2,0,0,1,1377,302.94,0.22,5,4,9,1,1,3,153,9.4,0.027244582,1,2,0,0,14,0,612,186,45,-0.077819999,-0.184414651,-0.183910112,4267,677,69
90027,Griffith Park /Los Feliz  ,1,0,0,0,0,0,0,0,3,0,0,0,,4,0,4,3,0,3,304,9.7,0,1,1,1,2,27,1,733,150,37,0.002345934,-0.232696656,-0.23331532,3050,872,70
90028,Hollywood  ,1,0,0,0,0,0,0,0,0,0,0,0,,2,1,4,2,1,4,39,10.9,0,0,0,1,0,5,1,7986,3596,675,4.807664211,4.388964103,3.70675006,938,2496,368
90029,Downtown Los Angeles  ,1,0,0,0,0,0,0,0,0,0,0,0,,1,1,1,1,1,1,84,10.2,0.049751244,0,0,1,0,3,0,0,0,0,-0.483287362,-0.433871674,-0.46181441,1166,328,41
90030,Terminal Annex  ,1,0,0,0,0,0,0,0,0,0,0,0,,0,0,0,0,0,0,0,10.2,0.049751244,0,0,0,0,0,0,0,0,0,-0.483287362,-0.433871674,-0.46181441,0,0,0
90031,Montecito Heights  ,1,0,0,0,0,0,0,0,0,3,5349,1787.16,0.334111049,2,1,4,1,0,1,112,9.9,0.009174312,0,2,1,0,17,3,2529,1300,363,1.192246889,1.309645153,1.779946927,1378,319,11
90032,El Sereno /Monterey Hills  ,1,0,0,0,0,1,0,0,0,14,19795,5966.73,0.301426118,0,0,2,2,0,1,4,12.6,0.011483254,0,2,2,3,11,1,0,0,0,-0.483287362,-0.433871674,-0.46181441,1950,209,24
90033,Boyle Heights  ,1,0,0,0,0,0,0,0,0,3,1791,71.75,0.040061418,5,2,16,2,3,7,43,9.6,0.031602709,0,3,3,0,20,1,385,252,74,-0.228213939,-0.095897643,-0.004816231,1066,789,80
90034,Palms  ,1,0,0,0,0,0,0,0,0,2,2103,429.99,0.20446505,0,0,2,3,0,2,4,6.3,0.006006006,0,0,0,0,1,0,1148,433,103,0.277295208,0.146853546,0.17427765,2856,628,60
90035,West Fairfax  ,1,7,4,2,2,2,0,0,1,0,0,0,,1,1,4,1,1,3,29,6.3,0.006666667,0,1,0,0,4,1,129,24,10,-0.397821203,-0.401683671,-0.400057899,2533,649,52
90036,Park La Brea  ,1,2,0,0,1,0,0,0,2,0,0,0,,1,0,1,2,0,1,42,6.4,0,0,1,1,0,6,1,810,210,46,0.053360618,-0.152226648,-0.177734461,2719,1432,156
90037,South Central  ,1,0,0,0,0,0,0,0,2,1,703,428.83,0.61,6,2,5,1,1,3,99,11.2,0.016260163,0,1,2,1,6,1,6132,4096,758,3.579336611,5.059547498,4.219329099,1916,438,108
90038,Hollywood  ,1,0,0,0,0,0,0,0,0,1,1808,867.84,0.48,1,1,5,0,0,1,25,9.7,0,0,0,1,0,4,0,0,0,0,-0.483287362,-0.433871674,-0.46181441,1311,862,58
90039,Atwater Village  ,1,0,0,0,0,0,0,0,0,0,0,0,,0,0,0,1,0,0,88,7.2,0,0,0,0,0,10,0,54,12,4,-0.44751083,-0.417777673,-0.437111806,2728,778,34
90041,Eagle Rock  ,1,0,0,0,0,0,0,0,0,5,2876,873.07,0.303570932,2,1,2,2,0,0,19,7.9,0.003439381,0,1,1,0,10,0,120,38,20,-0.403783958,-0.382907336,-0.338301389,1976,508,33
90042,Highland Park  ,1,0,0,0,0,0,0,0,0,1,0,771.59,,1,0,6,1,3,4,46,9.8,0.036850921,1,1,4,0,13,1,265,118,31,-0.307717344,-0.275613993,-0.270369227,3566,483,13
90043,Hyde Park /View Park/Windsor Hills ,1,0,0,0,0,0,0,0,0,0,0,0,,1,0,2,1,2,3,114,14.6,0.022956841,0,0,1,0,8,0,548,351,80,-0.120221815,0.036877869,0.032237675,2155,306,14
90044,Athens ,1,4,1,1,0,3,4,1,0,2,178,0,0,1,0,6,1,2,3,46,11.7,0.054138322,0,1,3,0,10,0,3201,2229,400,1.637465954,2.555589101,2.008446017,2674,321,22
90045,LAX Area /Westchester  ,1,1,3,0,0,2,2,0,0,1,620,0,0,1,2,5,4,1,3,89,7.4,0.004912908,0,1,0,0,5,1,3058,567,197,1.542724397,0.326569896,0.75478885,3230,4991,157
90046,Mount Olympus  ,1,1,0,1,0,1,0,0,0,0,0,0,,1,1,3,3,1,0,40,7.7,0.011764706,2,0,1,1,5,1,1897,488,128,0.773528958,0.220617719,0.328668927,3729,539,72
90047,South Central  ,1,1,1,0,1,1,0,0,0,1,1553,683.32,0.44,0,0,1,2,0,3,57,14.6,0.020983213,0,1,1,0,8,0,298,158,34,-0.285853908,-0.221967321,-0.251842274,1944,354,11
90048,West Beverly  ,1,0,0,0,0,0,0,0,0,0,0,0,,3,0,1,1,1,2,0,6.9,0,0,0,0,0,1,0,3407,1244,306,1.773946799,1.234539813,1.427934816,2067,1641,125
90049,Bel Air Estates /Brentwood  ,1,0,0,0,0,0,0,0,2,1,960,460.8,0.48,0,0,0,2,1,2,8,5.8,0,1,0,0,0,8,0,1002,189,61,0.180566066,-0.180391151,-0.085099695,6099,652,59
90050,Los Angeles ,1,0,0,0,0,0,0,0,0,0,0,0,,0,0,0,0,0,0,0,5.8,0,0,0,0,0,0,0,0,0,0,-0.483287362,-0.433871674,-0.46181441,0,0,0
90051,Los Angeles ,1,4,2,1,1,5,5,0,0,0,0,0,,0,0,0,0,0,0,0,5.8,0,0,0,0,0,0,0,0,0,0,-0.483287362,-0.433871674,-0.46181441,0,0,0
90052,Los Angeles ,1,8,2,1,0,5,1,0,0,0,0,0,,0,0,1,0,0,1,0,5.8,0,0,0,0,0,0,0,0,0,0,-0.483287362,-0.433871674,-0.46181441,0,0,0
90053,Los Angeles ,1,0,0,0,0,0,0,0,0,0,0,0,,0,0,0,0,0,0,0,5.8,0,0,0,0,0,0,0,0,0,0,-0.483287362,-0.433871674,-0.46181441,0,0,0
90054,Los Angeles ,1,0,0,0,0,0,0,0,0,0,0,0,,0,0,0,0,0,0,0,5.8,0,0,0,0,0,0,0,0,0,0,-0.483287362,-0.433871674,-0.46181441,0,0,0
90055,Los Angeles ,1,0,0,0,0,0,0,0,0,0,0,0,,0,0,0,0,0,0,0,5.8,0,0,0,0,0,0,0,0,0,0,-0.483287362,-0.433871674,-0.46181441,0,0,0
90056,Ladera Heights  ,1,0,1,0,0,0,0,0,0,0,0,0,,0,1,1,1,0,0,0,12.7,0,0,0,0,0,0,0,0,0,0,-0.483287362,-0.433871674,-0.46181441,87,1,0
90057,Westlake  ,1,1,1,0,0,0,0,0,0,4,2345,384.33,0.16389339,3,4,7,1,1,5,1,9.8,0.026153846,0,1,1,0,10,0,254,198,23,-0.315005156,-0.16832065,-0.319774435,537,371,35
90059,Watts /Willowbrook ,1,0,0,0,0,0,0,0,0,0,0,0,,1,2,14,1,2,3,1,16.2,0.027000964,0,0,1,0,13,0,24,15,4,-0.467386681,-0.413754172,-0.437111806,851,68,6
90060,Los Angeles ,1,6,0,4,3,2,0,0,0,0,0,0,,0,0,0,0,0,0,0,16.2,0.027000964,0,0,0,0,0,0,0,0,0,-0.483287362,-0.433871674,-0.46181441,0,0,0
90061,South Central  ,1,2,2,1,3,1,2,0,0,1,839,83.9,0.1,0,0,6,1,0,0,2,12.3,0.059266228,0,0,0,0,1,0,1,0,0,-0.482624834,-0.433871674,-0.46181441,529,88,3
90062,South Central  ,1,2,1,1,1,1,1,0,0,0,0,0,,1,0,4,0,1,1,46,10.5,0.002484472,0,0,0,0,4,0,0,0,0,-0.483287362,-0.433871674,-0.46181441,1417,125,11
90064,Cheviot Hills /Rancho Park  ,1,1,1,1,1,1,0,0,0,0,0,0,,1,0,3,2,0,2,42,4,0,0,1,0,0,10,0,282,54,25,-0.296454362,-0.361448667,-0.307423133,3021,782,48
90065,Cypress Park /Glassell Park /Mt. Washin ,1,1,1,3,0,3,0,0,0,0,0,0,,0,0,1,2,0,1,14,8.8,0.006384677,0,1,1,1,15,0,43,15,5,-0.454798642,-0.413754172,-0.430936155,3151,457,17
90066,Mar Vista  ,1,0,0,0,0,0,0,0,0,1,3049,1097.64,0.36,0,1,8,1,0,0,25,7,0,0,2,1,1,3,0,29,7,3,-0.46407404,-0.424483507,-0.443287457,3864,610,43
90067,Century City  ,1,0,0,0,1,1,0,0,0,0,0,0,,0,0,0,0,0,1,1,5,0,0,0,0,0,0,0,2257,395,143,1.012039172,0.095889208,0.421303693,795,2219,32
90068,Hollywood  ,1,0,0,0,0,0,0,0,0,1,344,0,0,0,0,0,1,0,0,0,10.4,0,0,0,0,1,3,0,0,0,0,-0.483287362,-0.433871674,-0.46181441,2977,248,15
90069,West Hollywood ,1,0,0,0,0,0,0,0,1,0,0,0,,1,0,1,1,0,1,0,6.9,0,0,0,0,0,0,0,4,0,0,-0.480637249,-0.433871674,-0.46181441,2111,173,19
90070,Los Angeles ,1,0,0,0,0,0,0,0,0,0,0,0,,0,0,0,0,0,0,0,6.9,0,0,0,0,0,0,0,0,0,0,-0.483287362,-0.433871674,-0.46181441,0,0,0
90071,ARCO Towers  ,1,0,0,0,0,0,0,0,0,0,0,0,,0,0,0,0,0,0,167,,,0,0,0,0,0,0,0,0,0,-0.483287362,-0.433871674,-0.46181441,8,1701,22
90072,Los Angeles ,1,0,0,0,0,0,0,0,0,0,0,0,,0,0,0,0,0,0,0,,,0,0,0,0,0,0,0,0,0,-0.483287362,-0.433871674,-0.46181441,0,0,0
90075,Los Angeles ,1,5,1,4,3,0,0,0,0,0,0,0,,0,0,0,0,0,0,0,32.8,,0,0,0,0,0,0,0,0,0,-0.483287362,-0.433871674,-0.46181441,0,0,0
90076,Los Angeles ,1,0,0,0,0,0,0,0,0,0,0,0,,0,0,0,0,0,0,0,32.8,,0,0,0,0,0,0,0,0,0,-0.483287362,-0.433871674,-0.46181441,0,0,0
90077,Bel Air Estates & Beverly Glen  ,1,0,0,0,0,0,0,0,0,0,0,0,,0,0,0,0,0,0,0,4.8,0,0,0,0,0,3,0,28,7,5,-0.464736568,-0.424483507,-0.430936155,2191,88,6
90078,Los Angeles ,1,2,0,1,0,0,0,0,0,0,0,0,,0,0,0,0,0,0,0,4.8,0,0,0,0,0,0,0,0,0,0,-0.483287362,-0.433871674,-0.46181441,0,0,0
90079,Los Angeles ,1,0,0,0,0,0,0,0,0,0,0,0,,0,0,0,0,0,0,0,,,0,0,0,0,0,0,0,0,0,-0.483287362,-0.433871674,-0.46181441,0,0,0
90080,Airport Worldway  ,1,0,2,1,2,0,0,0,0,0,0,0,,0,0,0,0,0,0,0,,,0,0,0,0,0,0,0,0,0,-0.483287362,-0.433871674,-0.46181441,0,0,0
90081,Los Angeles ,1,2,0,0,4,2,1,0,0,0,0,0,,0,0,0,0,0,0,0,,,0,0,0,0,0,0,0,0,0,-0.483287362,-0.433871674,-0.46181441,0,0,0
90082,Los Angeles ,1,0,0,0,0,0,0,0,0,0,0,0,,0,0,0,0,0,0,0,,,0,0,0,0,0,0,0,0,0,-0.483287362,-0.433871674,-0.46181441,0,0,0
90083,Los Angeles ,1,4,0,3,1,1,2,0,0,0,0,0,,0,0,0,0,0,0,0,,,0,0,0,0,0,0,0,0,0,-0.483287362,-0.433871674,-0.46181441,0,0,0
90086,Los Angeles ,1,0,0,0,0,0,0,0,0,0,0,0,,0,0,0,0,0,0,0,,,0,0,0,0,0,0,0,0,0,-0.483287362,-0.433871674,-0.46181441,0,0,0
90087,Los Angeles ,1,4,0,0,0,0,2,0,0,0,0,0,,0,0,1,0,0,0,0,,,0,0,0,0,0,0,0,0,0,-0.483287362,-0.433871674,-0.46181441,0,0,0
90089,USC  ,1,0,0,0,0,0,0,0,1,0,0,0,,0,0,1,0,0,1,0,31,0,0,0,0,0,0,0,104,11,5,-0.414384412,-0.419118839,-0.430936155,16,730,28
90091,Los Angeles ,1,0,0,0,0,0,0,0,0,0,0,0,,0,0,0,0,0,0,0,,,0,0,0,0,0,0,0,0,0,-0.483287362,-0.433871674,-0.46181441,0,0,0
90093,Los Angeles ,1,3,1,0,1,1,0,0,0,0,0,0,,0,0,0,0,0,0,0,,,0,0,0,0,0,0,0,0,0,-0.483287362,-0.433871674,-0.46181441,0,0,0
90094,Playa Vista ,1,0,1,1,0,0,3,0,0,0,0,0,,0,0,0,0,0,0,35,4.8,0,0,0,0,0,0,0,0,0,0,-0.483287362,-0.433871674,-0.46181441,1132,1271,110
90095,Los Angeles ,1,1,0,0,0,0,1,0,0,0,0,0,,0,0,0,0,0,0,0,,,0,0,0,0,0,0,0,0,0,-0.483287362,-0.433871674,-0.46181441,0,0,0
90099,Los Angeles ,1,0,0,0,0,0,0,0,0,0,0,0,,0,0,0,0,0,0,0,,,0,0,0,0,0,0,0,0,0,-0.483287362,-0.433871674,-0.46181441,0,0,0
90210,Beverly Hills/Beverly Glen  ,1,0,2,4,1,5,0,0,0,0,0,0,,0,1,0,4,1,1,0,6.5,0,0,0,0,0,0,0,277,152,36,-0.299767004,-0.230014322,-0.239490972,2197,8,15
90230,Culver City ,1,0,0,0,0,0,0,0,0,0,0,0,,1,1,3,3,1,2,0,7.6,0.015235457,0,0,1,0,2,0,1524,678,148,0.526405876,0.47543941,0.452181948,605,118,6
90247,Gardena ,1,0,0,0,0,0,0,0,0,1,1586,523.38,0.33,1,0,1,2,1,3,1,9.1,0,0,0,0,0,3,0,0,0,0,-0.483287362,-0.433871674,-0.46181441,408,38,7
90248,Gardena ,1,5,2,1,2,4,7,0,0,0,0,0,,1,1,4,2,0,2,0,8,0,0,0,0,0,0,0,205,18,3,-0.347469046,-0.409730672,-0.443287457,235,314,11
90249,Gardena ,1,0,0,0,0,0,0,0,0,0,0,0,,0,0,4,1,2,1,0,8.1,0,0,0,0,0,0,0,0,0,0,-0.483287362,-0.433871674,-0.46181441,0,0,0
90262,Lynwood ,1,0,0,0,0,0,1,0,0,0,0,0,,3,3,18,3,0,3,0,10.2,0.042243767,0,0,0,0,0,0,283,263,44,-0.295791833,-0.081144808,-0.190085763,0,0,0
90272,Castellemare /Pacific Highlands /Pacifi ,1,0,0,0,0,0,0,0,1,0,0,0,,0,0,0,2,0,0,19,5.1,0,0,0,0,0,10,0,354,73,24,-0.248752319,-0.335966498,-0.313598784,3946,298,21
90291,Venice  ,1,8,5,7,3,1,2,0,1,0,0,0,,1,0,2,1,0,1,41,8.4,0.028169014,1,0,0,1,14,1,1641,542,114,0.603921695,0.293040726,0.242209812,3117,915,58
90292,Marina del Rey ,1,0,0,0,0,0,0,0,0,0,0,0,,0,1,0,1,0,0,1,6.4,0,0,0,0,0,4,0,224,64,22,-0.334881007,-0.348037,-0.325950086,1666,438,36
90293,Playa del Rey  ,1,2,0,0,0,0,0,0,0,2,2177,757.72,0.348056959,0,0,0,0,0,0,1,7,0,0,0,0,0,3,0,1104,254,65,0.24814396,-0.093215309,-0.060397091,844,202,7
90294,Venice  ,1,5,1,1,3,3,0,0,0,0,0,0,,0,0,0,0,0,0,0,7,0,0,0,0,0,0,0,0,0,0,-0.483287362,-0.433871674,-0.46181441,0,0,0
90501,Torrance ,1,3,1,1,1,1,2,0,0,0,0,0,,2,1,6,1,3,3,0,8.2,0.023443223,0,0,0,0,3,0,29,22,8,-0.46407404,-0.404366005,-0.412409201,693,193,22
90502,Torrance ,1,0,0,0,0,0,0,0,0,0,0,0,,1,3,10,0,1,3,0,9.7,0,0,0,0,0,0,0,341,152,53,-0.257365188,-0.230014322,-0.134504903,1,312,9
90710,Harbor City  ,1,0,0,0,0,0,0,0,0,6,2590,713.41,0.275447876,2,0,1,2,0,0,0,9.8,0.042412818,0,1,0,0,4,0,1235,506,174,0.334935176,0.244758722,0.612748876,600,289,44
90731,San Pedro /Terminal Island  ,1,12,1,7,5,1,4,0,1,1,542,0,0,3,2,4,6,1,6,42,11.2,0.017250392,0,1,2,1,16,1,1647,748,252,0.607896865,0.569321085,1.094449659,2618,856,49
90732,Rancho Palos Verdes ,1,0,0,0,0,0,0,0,0,0,0,0,,1,0,1,2,0,1,1,9.1,0,0,1,0,1,8,0,433,135,44,-0.196412578,-0.252814157,-0.190085763,1203,194,14
90733,San Pedro  ,1,9,1,2,1,2,1,0,0,0,0,0,,0,0,0,0,0,0,0,9.1,0,0,0,0,0,0,0,0,0,0,-0.483287362,-0.433871674,-0.46181441,0,0,0
90744,Wilmington  ,1,0,0,0,0,0,0,0,1,0,0,0,,2,2,0,2,1,0,71,8.5,0.033775118,0,2,2,0,12,1,947,446,142,0.144127005,0.164288714,0.415128042,1491,596,38
90748,Wilmington  ,1,0,0,0,0,0,0,0,0,0,0,0,,0,0,0,0,0,0,0,,,0,0,0,0,0,0,0,0,0,-0.483287362,-0.433871674,-0.46181441,0,0,0
91003,Altadena ,1,4,3,1,3,2,0,0,0,0,0,0,,0,0,0,0,0,0,0,7,0.020986359,0,0,0,0,0,0,0,0,0,-0.483287362,-0.433871674,-0.46181441,0,0,0
91040,Shadow Hills /Sunland  ,1,1,0,0,0,0,0,0,0,0,0,0,,0,0,0,1,0,0,0,7.6,0,0,0,0,0,5,1,278,82,31,-0.299104475,-0.323895997,-0.270369227,1661,145,8
91041,Sunland  ,1,0,0,0,0,0,0,0,0,0,0,0,,0,0,0,0,0,0,0,7.6,0,0,0,0,0,0,0,0,0,0,-0.483287362,-0.433871674,-0.46181441,0,0,0
91042,Tujunga  ,1,2,1,1,0,1,0,0,1,0,0,0,,0,0,0,1,0,0,49,9.1,0,0,1,0,0,5,0,581,218,72,-0.098358379,-0.141497314,-0.017167533,1917,174,23
91043,Tujunga  ,1,0,0,0,0,0,0,0,0,0,0,0,,0,0,0,0,0,0,0,9.1,0,0,0,0,0,0,0,0,0,0,-0.483287362,-0.433871674,-0.46181441,0,0,0
91303,Canoga Park  ,1,0,0,0,0,0,0,0,0,1,1434,659.64,0.46,2,1,2,1,1,2,18,6.7,0.006587615,0,0,0,0,1,1,0,0,0,-0.483287362,-0.433871674,-0.46181441,759,718,99
91304,Canoga Park  ,1,0,0,0,0,0,0,0,0,3,1712,75.24,0.043948598,0,0,3,1,0,1,0,6.9,0,0,1,0,1,10,0,186,69,10,-0.360057085,-0.341331166,-0.400057899,2569,446,28
91305,Canoga Park  ,1,0,1,0,0,0,1,0,0,0,0,0,,0,0,0,0,0,0,0,6.9,0,0,0,0,0,0,0,0,0,0,-0.483287362,-0.433871674,-0.46181441,1,0,0
91306,Winnetka  ,1,0,0,0,0,0,0,0,0,3,1900,642.14,0.337968421,0,0,1,1,0,0,0,8.3,0,0,0,0,0,5,0,0,0,0,-0.483287362,-0.433871674,-0.46181441,2961,178,23
91307,West Hills  ,1,3,1,1,2,0,0,0,0,0,0,0,,0,0,0,1,0,0,0,7.9,0,0,0,0,0,12,0,226,75,21,-0.33355595,-0.333284165,-0.332125738,2000,240,23
91311,Chatsworth  ,1,0,0,0,0,0,0,0,0,9,3808,2254.86,0.592137605,0,0,3,3,1,1,7,6.2,0,0,0,0,1,11,0,7853,2582,692,4.719547938,3.029020978,3.811736128,2273,1210,79
91316,Encino  ,1,0,0,0,0,0,0,0,0,7,2111,1646.73,0.780071056,1,0,0,0,0,0,1,10.5,0,0,0,1,1,13,0,339,79,21,-0.258690245,-0.327919498,-0.332125738,2519,268,29
91324,Northridge  ,1,1,0,0,0,1,0,0,0,3,3488,1054.02,0.302184633,1,1,3,2,0,3,1,5.9,0.045362903,0,1,0,0,5,1,0,0,0,-0.483287362,-0.433871674,-0.46181441,1671,1061,112
91325,Northridge  ,1,18,0,5,1,1,1,0,0,4,1152,823.28,0.714652778,0,0,2,0,0,1,9,6.9,0,0,0,0,0,0,0,198,75,32,-0.352106745,-0.333284165,-0.264193576,2040,433,48
91326,Porter Ranch  ,1,0,0,0,0,0,0,0,0,1,557,339.77,0.61,0,0,1,2,0,0,1,6.1,0,1,0,1,2,11,0,218,35,19,-0.338856177,-0.386930836,-0.34447704,3134,299,35
91330,"Northridge , California State University ",1,4,1,0,0,2,2,0,0,0,0,0,,0,0,0,0,0,0,0,34.3,0,0,0,0,0,2,0,251,78,22,-0.316992741,-0.329260664,-0.325950086,1,9,0
91330,"Northridge , California State University ",1,7,0,0,0,4,2,0,0,0,0,0,,0,0,0,0,0,0,0,34.3,0,0,0,0,0,2,0,251,78,22,-0.316992741,-0.329260664,-0.325950086,1,9,0
91331,Arleta /Pacoima  ,1,2,4,4,2,0,2,2,0,3,6393,1230.83,0.192527765,2,0,8,2,1,5,55,11.8,0.024669379,0,2,2,0,15,0,419,214,53,-0.205687975,-0.146861981,-0.134504903,5059,613,48
91331,Arleta /Pacoima  ,1,1,2,2,2,1,1,0,0,3,6393,1230.83,0.192527765,2,0,8,2,1,5,55,11.8,0.024669379,0,2,2,0,15,0,419,214,53,-0.205687975,-0.146861981,-0.134504903,5059,613,48
91335,Reseda  ,1,0,0,0,0,0,0,0,0,1,3278,0,0,1,0,4,1,1,2,43,7.1,0.020816327,0,3,0,0,4,0,731,264,73,0.001020877,-0.079803642,-0.010991882,3726,466,43
91342,Lake View Terrace /Sylmar  ,1,0,0,0,0,0,0,0,0,0,0,0,,1,0,12,2,0,1,68,7.9,0.020507285,2,3,1,2,12,0,1357,472,177,0.415763638,0.199159051,0.631275829,4123,740,43
91343,North Hills  ,1,4,1,3,0,4,2,0,0,0,0,0,,2,1,8,0,1,2,46,9.2,0.023722628,0,0,0,0,1,0,9599,4053,1166,5.876322474,5.001877326,6.738994734,2983,291,33
91344,Granada Hills  ,1,5,1,1,1,0,2,0,0,1,4480,0,0,0,0,7,2,1,0,52,7.6,0,0,1,0,1,6,0,630,171,59,-0.065894488,-0.204532153,-0.097450997,3966,316,40
91345,Mission Hills  ,1,0,0,0,0,0,0,0,0,0,0,0,,2,2,3,2,0,3,2,9.9,0,0,0,0,1,3,0,0,0,0,-0.483287362,-0.433871674,-0.46181441,1024,275,18
91352,Sun Valley  ,1,1,0,0,0,0,0,0,0,0,0,0,,0,0,1,2,0,1,53,9.5,0.00295858,0,2,0,0,13,0,1223,430,129,0.326984836,0.142830046,0.334844578,2290,815,33
91356,Tarzana  ,1,3,3,0,0,0,2,0,0,1,162,0,0,0,0,2,2,0,2,10,6.5,0,0,0,0,0,4,0,1455,424,153,0.480691418,0.134783045,0.483060203,2663,432,35
91364,Woodland Hills  ,1,0,0,0,0,0,0,0,0,0,0,0,,0,1,2,1,0,2,25,7.3,0,0,0,0,0,1,0,200,45,13,-0.350781688,-0.373519169,-0.381530946,2765,475,42
91367,Woodland Hills  ,1,1,0,0,0,0,0,0,0,0,0,0,,2,2,1,1,0,0,14,7,0,0,1,0,0,5,0,735,188,51,0.003670991,-0.181732318,-0.146856206,3250,2387,278
91401,Van Nuys  ,1,0,0,0,0,0,0,0,0,1,2594,856.02,0.33,1,2,5,2,2,7,63,8.3,0.046296296,0,0,0,0,0,1,1496,741,232,0.507855081,0.559932917,0.970936638,2549,318,28
91402,Panorama City  ,1,2,1,0,0,3,0,0,0,2,2777,791.74,0.28510623,0,0,2,3,0,1,36,11.2,0.032622334,0,1,0,0,9,2,31,8,3,-0.462748983,-0.42314234,-0.443287457,2269,677,60
91403,Sherman Oaks /Van Nuys  ,1,1,0,1,0,3,0,0,0,0,0,0,,1,1,1,2,0,2,0,10,0,0,0,0,0,2,0,831,227,71,0.067273714,-0.129426813,-0.023343184,2309,679,44
91404,Van Nuys  ,1,0,0,0,0,0,0,0,0,0,0,0,,0,0,0,0,0,0,1,10,0,0,0,0,0,0,0,0,0,0,-0.483287362,-0.433871674,-0.46181441,0,0,0
91405,Van Nuys  ,1,0,0,0,0,0,0,0,0,4,2562,707.72,0.276237315,2,3,12,1,2,4,3,10.7,0.021399653,0,0,0,0,8,0,126,53,15,-0.399808788,-0.362789834,-0.369179644,2490,504,55
91406,Van Nuys  ,1,0,0,0,0,0,0,0,0,1,957,612.48,0.64,0,2,4,2,0,3,6,9,0.015321155,1,0,0,1,4,0,441,122,56,-0.191112351,-0.270249326,-0.11597795,3088,892,55
91407,Van Nuys  ,1,0,0,0,0,0,0,0,0,0,0,0,,0,0,0,0,0,0,0,9,0.015321155,0,0,0,0,0,0,0,0,0,-0.483287362,-0.433871674,-0.46181441,0,0,0
91408,Van Nuys  ,1,0,0,1,0,0,0,0,0,0,0,0,,0,0,0,0,0,0,0,9,0.015321155,0,0,0,0,0,0,0,0,0,-0.483287362,-0.433871674,-0.46181441,0,0,0
91409,Van Nuys  ,1,0,0,0,0,0,0,0,0,0,0,0,,0,0,0,0,0,0,0,9,0.015321155,0,0,0,0,0,0,0,0,0,-0.483287362,-0.433871674,-0.46181441,0,0,0
91411,Van Nuys  ,1,0,0,0,0,0,0,0,0,1,582,0,0,1,0,8,0,0,1,1,11.2,0,0,0,0,0,3,0,876,347,121,0.097087491,0.031513202,0.285439369,1281,437,33
91412,Panorama City  ,1,0,0,0,0,0,0,0,0,0,0,0,,0,0,1,0,0,0,0,11.2,0,0,0,0,0,0,0,0,0,0,-0.483287362,-0.433871674,-0.46181441,0,0,0
91413,Sherman Oaks  ,1,11,1,2,2,1,1,0,0,0,0,0,,0,0,0,0,0,0,0,11.2,0,0,0,0,0,0,0,0,0,0,-0.483287362,-0.433871674,-0.46181441,0,0,0
91423,Sherman Oaks /Van Nuys  ,1,0,0,0,0,0,0,0,0,1,871,243.88,0.28,0,0,0,0,1,1,30,8.2,0,0,1,1,1,4,1,528,76,33,-0.133472382,-0.331942998,-0.258017925,3022,750,64
91436,Encino  ,1,0,1,1,0,0,0,0,0,0,0,0,,0,2,1,1,0,2,1,5,0,0,0,1,0,8,0,134,18,7,-0.394508561,-0.409730672,-0.418584852,2519,725,20
91507,Burbank ,1,2,1,1,2,0,1,0,0,0,0,0,,0,0,0,0,0,0,0,5.6,0,0,0,0,0,0,0,0,0,0,-0.483287362,-0.433871674,-0.46181441,0,0,0
91508,Burbank ,1,1,1,0,0,0,2,0,0,0,0,0,,0,0,0,0,0,0,0,5.6,0,0,0,0,0,0,0,0,0,0,-0.483287362,-0.433871674,-0.46181441,0,0,0
91521,Burbank ,1,7,2,4,2,2,1,0,0,0,0,0,,0,0,0,0,0,0,0,5.6,0,0,0,0,0,0,0,0,0,0,-0.483287362,-0.433871674,-0.46181441,0,0,0
91522,Burbank ,1,4,1,5,1,0,4,0,0,0,0,0,,0,0,0,0,0,0,0,5.6,0,0,0,0,0,0,0,17,2,1,-0.47202438,-0.431189341,-0.455638759,0,0,0
91523,Burbank ,1,13,0,8,1,1,7,2,0,0,0,0,,0,0,0,0,0,0,0,5.6,0,0,0,0,0,0,0,0,0,0,-0.483287362,-0.433871674,-0.46181441,0,0,0
91601,North Hollywood  ,1,4,1,6,6,1,2,0,0,0,0,0,,0,0,0,1,0,1,43,9.5,0.025139665,1,1,2,1,7,2,1826,659,161,0.726489444,0.449957241,0.532465412,2070,889,59
91602,North Hollywood /Toluca Lake  ,1,0,0,0,0,0,0,0,0,0,0,0,,0,1,0,1,1,0,1,9.5,0,0,0,1,0,3,0,742,157,54,0.008308689,-0.223308488,-0.128329252,1819,264,14
91603,North Hollywood  ,1,7,3,7,2,2,1,0,0,0,0,0,,0,0,0,0,0,0,0,9.5,0,0,0,0,0,0,0,0,0,0,-0.483287362,-0.433871674,-0.46181441,0,0,0
91604,North Hollywood /Studio City  ,1,13,1,1,0,0,0,0,0,3,2633,662.73,0.251701481,0,0,0,1,0,2,58,10.1,0,0,0,2,0,7,0,804,134,54,0.049385448,-0.254155324,-0.128329252,3594,588,70
91605,North Hollywood ,1,0,0,0,0,0,0,0,0,4,1522,324.72,0.213350854,1,1,0,1,0,2,14,10,0.038906414,0,0,0,0,6,0,1679,589,155,0.629097773,0.356075565,0.495411505,2391,708,41
91606,North Hollywood ,1,3,2,2,0,0,2,0,0,6,2248,818.03,0.363892349,1,0,8,0,2,3,2,9.8,0.031372549,0,1,1,0,9,0,962,336,112,0.154064931,0.016760367,0.22985851,2244,353,62
91607,North Hollywood /Valley Village  ,1,1,0,2,1,3,0,0,0,0,0,0,,0,0,0,0,0,2,0,10.9,0,0,0,0,0,0,0,868,258,95,0.091787264,-0.087850642,0.124872441,2232,243,27
91609,North Hollywood  ,1,8,0,2,4,1,0,0,0,0,0,0,,0,0,0,0,0,0,0,,,0,0,0,0,0,0,0,0,0,-0.483287362,-0.433871674,-0.46181441,0,0,0
